1,RAGOÛT DE LENTILLES,null,0,"1.Dans une casserole à feu moyen-élevé, dorer l’oignon, la carotte, le céleri et l’ail dans 15 ml (1 c. à soupe) de l’huile. Ajouter les lentilles et bien mélanger. Ajouter le bouillon, l’eau, la pâte de tomates, la moutarde et les herbes. Porter à ébullition. Couvrir et laisser mijoter à feu doux 40 minutes ou jusqu’à ce que les lentilles soient tendres. Retirer la branche de thym et la feuille de laurier. Saler et poivrer.2.Entre-temps, dans une grande poêle antiadhésive à feu moyen-élevé, dorer les champignons dans 30 ml (2 c. à soupe) de l’huile. Saler et poivrer. Réserver sur une assiette.3.Dans la même poêle à feu moyen-élevé, cuire les choux de Bruxelles al dente dans le reste de l’huile, soit de 2 à 3 minutes. Saler et poivrer.4.Ajouter les champignons et les choux de Bruxelles à la préparation de lentilles. Poursuivre la cuisson 2 minutes en remuant. Ajouter du bouillon au besoin. Rectifier l’assaisonnement.5.Servir le ragoût. Garnir des dés de tomate. Arroser d’un filet d’huile d’olive et accompagner de tranches de pain de campagne, si désiré.",25,70
2,ROTI DE TRINIDAD,null,0,"Cari de légumes1.Dans une poêle, attendrir l’oignon dans l’huile. Ajouter l’ail, le gingembre, le thym, le piment et le cari et poursuivre la cuisson 1 minute. Ajouter les pois chiches, les pommes de terre et l’eau. Porter à ébullition et laisser mijoter 20 minutes ou jusqu’à ce que les pommes de terre soient tendres. Ajouter les petits pois et les oignons verts. Laisser mijoter 2 minutes en écrasant quelques pommes de terre à l’aide d’une fourchette afin que le cari soit plus épais. Saler et poivrer. Réserver au chaud.Pois cassés2.Entre-temps, dans une petite casserole, attendrir l’oignon dans l’huile. Ajouter les pois et les épices et cuire 1 minute pour bien enrober les pois. Verser l’eau. Saler. Porter à ébullition et laisser mijoter 20 minutes ou jusqu’à ce que les pois soient cuits mais encore un peu fermes et que l’eau soit absorbée.3.Au robot culinaire, hacher les pois jusqu’à ce qu’ils aient la grosseur de miettes de pain. Réserver.Pâte4.Dans un bol, mélanger les farines, la poudre à pâte et le sel. Ajouter l’eau et l’huile. Bien mélanger à l’aide d’une cuillère de bois pour former une boule. Sur un plan de travail légèrement fariné, pétrir la pâte de 1 à 2 minutes ou jusqu’à ce qu’elle soit complètement lisse. Emballer la pâte de pellicule plastique et laisser reposer 10 minutes.5.Couper la pâte en 8 parts égales. Façonner chaque part en un disque d’environ 13 cm (5 po) de diamètre. Déposer 30 ml (2 c. à soupe) de mélange de pois cassés au centre d’un disque. Refermer la pâte en la rabattant vers le centre. Poursuivre avec le reste des ingrédients. Emballer chaque boule de pâte de pellicule plastique ou couvrir d’un linge.6.Sur un plan de travail légèrement fariné, abaisser chaque boule de pâte en une galette d’environ 25 cm (10 po) de diamètre.7.Dans une grande poêle antiadhésive badigeonnée de beurre fondu, à feu moyen élevé, cuire les galettes une à la fois 1 minute de chaque côté. Réserver sur une assiette et couvrir d’un linge.8.Répartir 250 ml (1 tasse) de cari de légumes au centre de chaque galette. Refermer les galettes en repliant la pâte de chaque côté. Retourner afin que les plis soient dessous. Si désiré, servir avec de la sauce au tamarin (voir recette) et de la sauce piquante au habanero.",75,135
3,TOFU MAISON,null,0,"1.Placer les fèves dans un grand bol. Couvrir d’eau et faire tremper 12 heures à la température ambiante. Ajouter de l’eau au besoin afin que les fèves soient toujours bien submergées. Égoutter et rincer. Réserver.2.Tapisser une passoire de huit épaisseurs de coton étamine en les laissant dépasser sur les côtés. Déposer la passoire au-dessus d’une casserole. Dans un petit bol, diluer le sel dans l’eau. Réserver.3.Au mélangeur, réduire en purée lisse la moitié des fèves avec 500 ml (2 tasses) de l’eau bouillante environ 2 minutes. Verser le mélange dans la passoire. Répéter avec le reste des fèves et 500 ml (2 tasses) de l’eau bouillante. Verser le reste de l’eau bouillante dans la passoire. Laisser égoutter 5 minutes. Rabattre les bandes de coton pour former un baluchon. À l’aide d’un pilon à pommes de terre, presser le baluchon pour extraire le plus de liquide possible afin d’obtenir environ 2 litres (8 tasses). Jeter la pulpe des fèves.4.À feu moyen, cuire le liquide obtenu en remuant constamment à l’aide d’une cuillère de bois jusqu’à ce que le mélange atteigne 90 °C (194 °F), soit environ 30 minutes. Retirer du feu. Verser graduellement le mélange de sel d’Epsom en formant lentement un S à l’aide de la cuillère. Ne pas mélanger davantage. Couvrir et laisser reposer 20 minutes sans remuer afin que le liquide coagule.5.Placer un moule à tofu (voir p. 158) ou un tamis, tapissé de quatre épaisseurs de coton étamine au-dessus d’un bol profond. À l’aide d’une écumoire, prélever délicatement les morceaux coagulés et les déposer dans le moule. Replier le coton sur le tofu. Placer une assiette ou une petite planche et un poids d’environ 1 kg (1 grosse boîte de conserve par exemple) sur le tofu afin d’extraire le plus de liquide. Laisser reposer au moins 30 minutes en jetant l’eau au besoin afin que le moule soit toujours au sec. Plus le tofu sera pressé, plus il sera ferme.6.Plonger le tofu emballé du coton étamine dans de l’eau glacée 5 minutes pour le raffermir. Retirer le coton étamine. Le tofu se conserve 5 jours dans un contenant hermétique et couvert d’eau au réfrigérateur, en changeant l’eau chaque jour.",30,60
4,"BOL-REPAS AU RIZ, BRUN, LENTILLES, CAROTTES ET RAISINS",null,0,"Vinaigrette1.Dans un petit bol, mélanger le vinaigre et l’huile. Saler et poivrer. Réserver.Bol2.Dans un bol, mélanger les carottes avec le jus de citron. Saler. Parsemer de graines de pavot, si désiré.3.Dans un autre bol, mélanger le riz et les oignons verts.4.Dans de grands bols, répartir le riz brun, les lentilles, les carottes et le reste des ingrédients. Arroser de la vinaigrette au moment de servir.",35,35
5,TEMPEH GRILLÉ ET SALADE DE CAROTTES AU LAIT DE COCO,null,0,"Vinaigrette1.Dans une petite casserole, mélanger tous les ingrédients à l’aide d’un fouet. Porter à ébullition. Laisser tiédir. Réserver 125 ml (½ tasse) de la vinaigrette pour le service. Transvider le reste dans un grand bol.Salade2.Dans une grande poêle antiadhésive à feu moyen-élevé, dorer le tempeh dans l’huile, soit environ 5 minutes. Saler et poivrer. Égoutter sur du papier absorbant. Réserver.3.Ajouter les carottes, les fèves germées et la coriandre dans le grand bol avec la vinaigrette. Saler, poivrer et bien mélanger.4.Dans des assiettes creuses, répartir le tempeh et la salade. Parsemer d’arachides et arroser de la vinaigrette réservée. Servir avec du riz et des quartiers de lime.",30,40
6,VÉGÉ BURGER AU FROMAGE GRILLÉ,null,0,"Mayonnaise au citron1.Dans un bol, mélanger tous les ingrédients. Réserver.Burgers2.Dans un petit bol, déposer l’oignon. Couvrir d’eau froide. Ajouter le sucre et le sel. Laisser macérer 15 minutes. Égoutter (voir note).3.Dans une poêle antiadhésive à feu moyen, dorer l’aubergine dans 30 ml (2 c. à soupe) d’huile jusqu’à ce qu’elle soit tendre, soit environ 4 minutes de chaque côté. Saler légèrement et poivrer. Réserver dans une assiette.4.Dans la même poêle à feu moyen, attendrir la courgette dans 15 ml (1 c. à soupe) d’huile. Saler légèrement et poivrer. Réserver avec l’aubergine.5.Dans la même poêle à feu élevé, dorer le fromage dans le reste de l’huile, soit environ 1 minute de chaque côté.6.Tartiner les pains de mayonnaise au citron. Garnir les burgers de laitue, d’aubergine, du fromage, de tomate, de courgette et d’oignon.",15,30
7,BOULETTES DE TOFU,null,0,"Sauce1.Dans un petit bol, mélanger tous les ingrédients.Boulettes de tofu2.Au robot culinaire, hacher finement l’ail et l’oignon vert. Ajouter le tofu et mélanger quelques secondes pour l’émietter. Ajouter le reste des ingrédients, à l’exception de l’huile végétale. Poivrer et mélanger jusqu’à l’obtention d’une pâte lisse.3.Façonner des boulettes avec 15 ml (1 c. à soupe) du mélange pour chacune.4.Dans une grande poêle antiadhésive à feu moyen-élevé, cuire les boulettes dans l’huile végétale 5 minutes ou jusqu’à ce qu’elles soient bien dorées. Égoutter sur du papier absorbant.5.Servir les boulettes avec la sauce.",30,35
8,"BOL DE QUINOA, LÉGUMES MARINÉS ET EDAMANES",null,0,"1.Dans un grand bol, mélanger le vinaigre avec le sucre et le piment jusqu’à ce que le sucre soit dissous. Ajouter le chou, les concombres et la carotte. Saler, poivrer et mélanger. Laisser macérer, le temps de cuire le quinoa.2.Dans une casserole d’eau bouillante salée, cuire le quinoa 15 minutes ou jusqu’à ce qu’il soit tendre. Égoutter et laisser tiédir.3.Dans une autre casserole d’eau bouillante salée, cuire les fèves de soya 4 minutes ou jusqu’à ce qu’elles soient al dente. Les plonger dans de l’eau glacée jusqu’à refroidissement complet. Égoutter.4.Répartir le quinoa dans des bols. Ajouter les légumes marinés et les edamames. Garnir de coriandre. Délicieux avec du poulet cuit, des tranches de bifteck grillé ou des boulettes de tofu (voir recette).",20,35
9,TOFU CARAMÉLISÉ AUX GRAINES DE CITROUILLE,null,0,"1.Dans une grande poêle antiadhésive à feu moyen-élevé, dorer le tofu dans l’huile, soit environ 6 minutes. Saler et poivrer. Ajouter le bouillon, le sirop d’érable, le vinaigre, l’ail et le piment. Laisser réduire jusqu’à ce que le liquide soit évaporé et que le tofu commence à caraméliser.2.Ajouter les graines de citrouille et les oignons verts. Poursuivre la cuisson 30 secondes en remuant à la cuillère de bois pour bien enrober le tofu.3.Délicieux avec l’orge aux champignons ou du riz basmati.",15,30
10,TOFU AU MISO ET À LA TOMATE,null,0,"Sauce1.Dans un bol, mélanger tous les ingrédients. Réserver.Tofu2.Dans une casserole d’eau bouillante salée, cuire les cubes de tofu 5 minutes. Égoutter. (Cette étape est facultative, voir note).3.Dans une grande poêle antiadhésive à feu moyen-élevé, dorer le tofu, l’ail et le piment dans l’huile. Ajouter le cinq-épices, la pâte de miso et la pâte de tomates. Cuire 2 minutes. Ajouter la sauce, porter à ébullition et poursuivre la cuisson 8 minutes ou jusqu’à ce que la sauce épaississe légèrement.Garniture4.Incorporer les pois mange-tout, les fèves germées et la coriandre. Servir avec des vermicelles de riz.",20,40
11,"CANNELLONIS RICOTTA-EPINARDS, SAUCE ROSÉE",null,0,"Sauce rosée1.Dans une casserole à feu moyen, attendrir l’ail dans l’huile 2 minutes. Ajouter le coulis de tomates et la branche de basilic. Porter à ébullition et laisser mijoter 15 minutes, en remuant fréquemment. Ajouter la crème, saler, poivrer et mélanger. Réserver au chaud. Retirer la branche de basilic.Cannellonis2.Placer la grille au centre du four. Préchauffer le four à 180 °C (350 °F).3.Dans une casserole d’eau bouillante salée, blanchir les épinards 1 minute. À l’aide d’une écumoire, retirer les épinards de l’eau et les déposer dans une passoire. Bien presser pour retirer l’excédent d’eau. Sur un plan de travail, hacher les épinards.4.Dans un bol, mélanger les épinards, la ricotta, le parmesan et les épices. Saler, poivrer et bien mélanger. Réserver.5.Dans la même casserole d’eau bouillante que celle qui a servi aux épinards, cuire les pâtes 2 minutes ou jusqu’à ce qu’elles soient al dente. Égoutter et rincer à l’eau froide.6.Sur un linge propre, étaler les pâtes et les assécher. Sur un plan de travail, couper chaque feuille de pâte en deux pour obtenir des feuilles d’environ 15 x 11,5 cm (6 x 4 1/2 po). Répartir environ 1/4 tasse de la garniture de ricotta sur chaque pâte. Rouler chaque pâte afin d’emprisonner la garniture.7.Dans un plat de cuisson d’environ 33 x 23 cm (13 x 9 po), répartir le tiers de la sauce rosée. Y placer les cannellonis et napper du reste de la sauce. Couvrir de papier d’aluminium. Cuire au four 25 minutes ou jusqu’à ce qu’ils soient chauds.",30,80
12,TOURTE VÉGÉ AU QUINOA ET À LA PATATE DOUCE,null,0,"Tourte1.Placer la grille au centre du four. Préchauffer le four à 200 °C (400 °F). Huiler un moule à tarte à fond amovible de 23 cm (9 po) de diamètre.2.À l’aide d’une fourchette, piquer la patate douce à plusieurs reprises. La déposer sur une assiette. Cuire au four à micro-ondes de 6 à 8 minutes ou jusqu’à ce qu’elle soit tendre en la retournant à mi-cuisson. Laisser reposer 5 minutes. Couper la patate en deux, retirer la chair et la déposer dans un grand bol. Écraser grossièrement à la fourchette. Vous aurez besoin de 180 ml (3/4 tasse) de purée. Réserver.3.Au robot culinaire, hacher finement l’oignon et l’ail. Ajouter la purée de patate douce et mélanger jusqu’à ce que la préparation soit homogène. Transvider dans le bol. Ajouter le quinoa cru, la farine et les épices. Saler, poivrer et bien mélanger. Répartir uniformément le mélange dans le moule à tarte. Avec les doigts légèrement mouillés, égaliser le mélange, puis à l’aide d’un pinceau huiler toute la surface.4.Cuire au four de 30 à 35 minutes ou jusqu’à ce que le mélange soit légèrement doré et ferme au toucher.Garniture5.Entre-temps, dans une grande poêle antiadhésive à feu moyen, attendrir la carotte et le poireau dans l’huile 5 minutes, à couvert. Ajouter le brocoli et les choux de Bruxelles. Les réchauffer 2 minutes dans la poêle. Saler et poivrer. Ajouter les pacanes et le jus de citron et bien mélanger. Réserver.Sauce au yogourt6.Dans un petit bol, mélanger le yogourt, les herbes et le jus de citron. Saler et poivrer.7.Démouler la tarte et la déposer sur une assiette de service. Tartiner de la sauce au yogourt et garnir avec les légumes.",45,75
13,"PITA AUX POIS CHICHES ""TAOUK""",null,0,"Sauce yogourt1.Dans un bol, mélanger tous les ingrédients. Saler et poivrer. Réfrigérer jusqu'au moment de servir.Pois chiches2.Dans une poêle antiadhésive à feu moyen-élevé, chauffer les pois chiches et les épices dans l’huile 5 minutes. Saler et poivrer. Réserver.Montage3.Sur un plan de travail, séparer les pains pitas en deux afin d’obtenir 8 disques. Pour chaque sandwich, déposer deux demi-pains pitas à plat en les faisant se chevaucher légèrement. Tartiner de sauce yogourt. Répartir le quart des pois chiches, 3 demi-tranches de tomate et une généreuse quantité de feuilles de laitue.4.Rouler fermement et envelopper individuellement dans du papier parchemin. Refermer comme une papillote en tortillant les deux extrémités du papier. Couper en deux et servir.",25,30
14,SALADE DE RIZ SAUVAGE POMMES-FENOUIL,null,0,"Riz1.Dans une casserole, porter à ébullition le riz, l’eau et le sel. Couvrir et laisser mijoter à feu moyen 40 minutes ou jusqu’à ce que le riz éclate. Égoutter et rincer sous l’eau froide. Réserver.Vinaigrette2.Entre-temps, dans un petit bol, mélanger tous les ingrédients. Réserver.Salade3.À l’aide d’une mandoline, trancher finement le fenouil et le déposer dans un grand bol. Ajouter les pommes, le jus de citron et le sel. Laisser macérer 15 minutes.4.Ajouter les lentilles, les raisins, le riz et la vinaigrette à la salade. Saler, poivrer et bien mélanger.",25,75
15,SAUTÉ DE TOFU ET DE LÉGUMES SUR HUMMUS AU YOGOURT,null,0,"Tofu et légumes1.Placer la grille au centre du four. Préchauffer le four à 220 °C (425 °F). Tapisser une plaque de cuisson de papier parchemin.2.Y répartir les tomates. Cuire au four 15 minutes ou jusqu’à ce qu’elles soient tendres. Saler et poivrer. Réserver.3.Entre-temps, dans une grande poêle antiadhésive à feu moyen-élevé, dorer le tofu dans l’huile 5 minutes. Ajouter le chou-fleur et l’ail. Poursuivre la cuisson en remuant fréquemment 10 minutes ou jusqu’à ce que le chou-fleur soit al dente. Saler et poivrer. Incorporer les oignons verts, les graines de sésame, le sumac et l’origan. Poursuivre la cuisson 5 minutes en remuant fréquemment ou jusqu’à ce que les légumes soient tendres. Ajouter les tomates cerises et mélanger délicatement.Hummus au yogourt4.Dans un bol, mélanger les ingrédients.5.Dans les assiettes, répartir l’hummus au yogourt et le sauté de tofu aux légumes.",30,55
16,"TOFU, LÉGUMES ROTIS ET VINAIGRETTE À LA CORIANDRE",null,0,"Légumes rôtis1.Placer la grille au centre du four. Préchauffer le four à 230 °C (450 °F). Tapisser une plaque de cuisson de papier parchemin.2.Déposer les carottes sur la plaque. Arroser de 15 ml (1 c. à soupe) de l’huile, saler et poivrer. Cuire au four 15 minutes. Retirer du four et les retourner. Ajouter le chou romanesco, les radis et le reste de l’huile (15 ml / 1 c. à soupe), saler et poivrer. Cuire au four environ 15 minutes ou jusqu’à ce que les légumes soient al dente. Laisser tiédir. Transférer et réserver dans un grand bol.Tofu3.Entre-temps, dans un plat en verre, mélanger le vinaigre, le miel et la coriandre. Réserver la marinade.4.Chauffer une poêle striée à feu élevé. Huiler la poêle et les tranches de tofu. Saler et poivrer. Griller la moitié du tofu à la fois, 2 minutes de chaque côté.5.Déposer le tofu grillé dans le plat avec la marinade. Laisser tiédir.Vinaigrette à la coriandre6.Au mélangeur, réduire tous les ingrédients en purée lisse. Saler et poivrer.Montage7.Au moment de servir, ajouter la coriandre, les épinards, le vinaigre et le miel aux légumes rôtis. Répartir dans les assiettes avec le tofu. Arroser de la vinaigrette à la coriandre.",45,75
17,"ASPERGES GRILLÉES, HUMMUS DE BETTERAVES ET POIS CHICHES AU CARI",null,0,"Hummus de betteraves1.Au robot culinaire, réduire en purée lisse les betteraves et la moitié des pois chiches avec le tahini et le jus de citron. Saler, poivrer et réserver.Vinaigrette2.Dans un bol, mélanger tous les ingrédients. Réserver.Garniture3.Préchauffer le barbecue à puissance élevée.4.Superposer deux grandes feuilles de papier d’aluminium. Au centre, y déposer le reste des pois chiches, l’oignon, l’huile et le cari. Saler, poivrer et bien mélanger. Refermer la papillote hermétiquement.5.Déposer la papillote sur la grille, fermer le couvercle et cuire 10 minutes ou jusqu’à ce que la papillote soit bien gonflée.6.Entre-temps, huiler légèrement les asperges. Griller les asperges 5 minutes ou jusqu’à ce qu’elles soient cuites et encore légèrement croquantes. Saler et poivrer.7.Répartir l’hummus dans les assiettes. Garnir des pois chiches et de dés de betteraves. Ajouter les asperges et les copeaux de cheddar. Arroser de vinaigrette.",30,45
18,"POIS CHICHES RÔTIS, BLÉ MOU ET LÉGUMES MARINÉS",null,0,"Blé mou1.Dans une casserole à feu moyen-élevé, dorer le blé dans l’huile en remuant fréquemment, soit environ 5 minutes. Saler généreusement et poivrer. Ajouter l’eau. Porter à ébullition. Couvrir et cuire à feu moyen-doux 1 heure. Retirer le couvercle et poursuivre la cuisson environ 45 minutes ou jusqu’à ce que le liquide soit presque complètement absorbé et que le blé soit cuit, mais encore légèrement ferme sous la dent. Égoutter au besoin. Huiler et laisser tiédir.Légumes marinés2.Entre-temps, à l’aide d’une mandoline, trancher finement le chou et les betteraves et les placer séparément dans deux bols. Répartir également le vinaigre de riz et le sucre sur les légumes. Saler et mélanger. Laisser macérer 15 minutes. Égoutter au moment de servir.Vinaigrette au tahini3.Au robot culinaire ou au mélangeur, broyer finement les graines de citrouille. Ajouter le reste des ingrédients et réduire en purée lisse. Saler et poivrer. Réserver.Pois chiches rôtis4.Dans une poêle antiadhésive à feu élevé, dorer l’oignon, l’ail et le curcuma dans l’huile. Ajouter les pois chiches et poursuivre la cuisson 5 minutes ou jusqu’à ce que les pois chiches commencent à rôtir. Saler et poivrer.5.Dans des gros bols, répartir les ingrédients. Garnir de graines de citrouille et arroser de la vinaigrette au moment de servir.",35,140
19,"GALETTES DE TOFU, DE PETITS POIS ET DE HARICOTS BLANCS",null,0,"1.Au robot culinaire, hacher finement l’oignon, l’ail et le piment. Ajouter le tofu et les haricots blancs. Mélanger quelques secondes à la fois, jusqu’à ce que la préparation forme tout juste une pâte collante.2.Ajouter les petits pois, les œufs, la farine, la chapelure, le fromage, le sel et les épices. Mélanger quelques secondes à la fois, en raclant les parois à quelques reprises jusqu’à l’obtention d’un mélange qui contient des morceaux de petits pois apparents, donc pas complètement homogène. Un mélange trop réduit en purée sera plus mou et donc plus difficile à façonner en galettes.3.Tapisser une plaque de cuisson de papier parchemin. À l’aide d’une cuillère à crème glacée de 60 ml (¼ tasse), former 18 boulettes et les répartir sur la plaque.4.Dans une grande poêle antiadhésive à feu moyen-élevé, cuire un tiers des boulettes à la fois dans 30 ml (2 c. à soupe) d’huile environ 5 minutes de chaque côté ou jusqu’à ce qu’elles soient dorées et forment une légère croûte. Presser légèrement les boulettes après les avoir retournées pour leur donner une forme de galette. Ajouter de l’huile au besoin. Garder au chaud.5.Si désiré, servir les galettes de tofu avec une salade verte et des suprêmes d’orange.",30,60
20,SALADE D'ASPERGES ET DE POIS CHICHES AVEC FROMAGE HALLOUMI GRILLÉ,null,0,"1.Dans une poêle antiadhésive à feu élevé, attendrir les asperges dans la moitié de l’huile (15 ml/1 c. à soupe) avec l’ail jusqu’à ce qu’elles soient al dente. Saler et poivrer. Réserver.2.Dans un bol, mélanger la mayonnaise, la moutarde et le jus de citron. Y ajouter les asperges chaudes, les pois chiches et la courgette. Saler et poivrer.3.Sur un papier absorbant, éponger les tranches de fromage.4.Dans la même poêle à feu moyen-élevé, dorer le fromage quelques secondes de chaque côté dans le reste de l’huile (15 ml/1 c. à soupe).5.Dans les bols, répartir la salade. Garnir de tranches de fromage grillé. Parsemer de feuilles de basilic.",15,30
21,SOUPE À L'ORGE ET AUX LÉGUMINEUSES,null,0,"Soupe1.Dans une grande casserole, à feu moyen-élevé, dorer l’oignon dans l’huile. Ajouter l’ail et le curcuma. Poursuivre la cuisson à feu moyen 2 minutes en remuant. Ajouter les lentilles et l’orge. Bien les enrober du mélange d’oignon. Saler et poivrer.2.Ajouter le bouillon et porter à ébullition. Couvrir et laisser mijoter environ 40 minutes ou jusqu’à ce que l’orge soit tendre.3.Ajouter les épinards, les herbes, les pois chiches et les haricots rouges. Poursuivre la cuisson 10 minutes.Garniture4.Entre-temps, dans une petite poêle, à feu moyen-élevé, dorer l’ail dans l’huile. Ajouter la menthe et bien mélanger.5.Répartir la soupe dans les bols. Servir avec un peu de yogourt ou un quartier de citron et la garniture à la menthe.",15,75
22,"GRILLADES DE POLENTA, DE CHAMPIGNONG ET POIVRONS ET VINAIGRETTE À L'ÉCHALOTTE RÔTIE",null,0,"Sauce tomate1.Dans une petite casserole, à feu moyen-élevé, attendrir l’oignon dans l’huile. Ajouter les tomates. Laisser mijoter à feu doux environ 10 minutes en remuant fréquemment. Saler et poivrer. Réserver.Vinaigrette à l'échalote rôtie2.Dans une petite casserole, à feu moyen-élevé, frire les échalotes dans l’huile jusqu’à ce qu’elles soient bien dorées. Verser rapidement dans un bol afin d’arrêter la cuisson et d’éviter qu’elles brûlent. Ajouter le persil et le vinaigre. Réserver.Polenta et légumes3.Préchauffer le barbecue à puissance élevée. Huiler la grille.4.Sur une grande assiette, répartir la polenta et les légumes. Huiler, saler et poivrer. Griller les tranches de polenta environ 2 minutes de chaque côté. Griller les légumes des deux côtés jusqu’à ce qu’ils soient tendres.5.Répartir la sauce tomate au fond d’une grande assiette de service. Y répartir les légumes et la polenta. Arroser de vinaigrette à l’échalote rôtie.",40,70
23,"PÂTES AU PESTO DE PETITS POIS, ÉPINARDS ET CITRON",null,0,"1.Dans une casserole d’eau bouillante salée, cuire les pâtes al dente. Réserver environ 250 ml (1 tasse) d’eau de cuisson. Égoutter les pâtes et les huiler légèrement.2.Entre-temps, dans une grande poêle antiadhésive à feu moyen-élevé, attendrir les petits pois et l’ail dans 15 ml (1 c. à soupe) d’huile, soit environ 5 minutes. Saler et poivrer. Réserver la moitié des petits pois dans un bol.3.Au robot culinaire ou au mélangeur, réduire en purée lisse le reste des petits pois, l’ail, le reste de l’huile (45 ml/3 c. à soupe), les épinards, le parmesan, le zeste et le jus de citron. Saler et poivrer.4.Transvider le pesto dans la poêle. Ajouter les pâtes et les pois réservés et mélanger. Chauffer à feu moyen, et rectifier la texture en ajoutant graduellement de l’eau de cuisson des pâtes jusqu’à l’obtention d’une sauce crémeuse.5.Au moment de servir, parsemer d’amandes et de copeaux de parmesan si désiré.",20,40
24,SAUCE À SPAGHETTI AUX LENTILLES ET AUX CHAMPIGNONS,null,0,"1.Dans une grande poêle antiadhésive à feu élevé, dorer les champignons, l’oignon et l’ail dans l’huile. Transvider dans la mijoteuse.2.Ajouter les légumes, les lentilles, le coulis et le bouillon. Saler, poivrer et mélanger. Couvrir et cuire à basse température (Low) 6 heures. On peut maintenir à réchaud (Warm) jusqu’à 8 heures.3.Délicieux sur des pâtes, mais aussi sur une aubergine fondante ou des pommes de terre.",40,400
25,COURGETTES ET TOFU ALLA PARMAGIANA,null,0,"Sauce tomate1.Dans une casserole à feu moyen-élevé, attendrir l’oignon et l’ail dans l’huile. Ajouter les tomates et la pâte de tomates. Porter à ébullition et laisser mijoter 10 minutes.2.Dans un petit bol, délayer la fécule dans l’eau. Ajouter le mélange de fécule à la sauce tomate en remuant sans arrêt. Laisser mijoter 2 minutes. Saler et poivrer.Gratin3.Entre-temps, placer la grille au centre du four. Préchauffer le four à 200 °C (400 °F). Tapisser une plaque de cuisson de papier parchemin.4.Répartir les courgettes sur la plaque. Saler et poivrer. Cuire au four environ 10 minutes ou jusqu’à ce que les courgettes soient tendres. Parsemer de menthe. Réserver.5.Dans un plat de cuisson de 28 x 20 cm (11 x 8 po), étaler le quart de la sauce (environ 3/4 tasse). Répartir le tiers des courgettes, le tiers des tranches de tofu, le quart des fromages (environ 1/2 tasse). Répéter avec le reste des ingrédients, en terminant avec la sauce et les fromages.6.Cuire au four environ 30 minutes ou jusqu’à ce que le fromage soit doré. Laisser reposer 10 minutes avant de servir.",30,75
26,"GRATIN DE FENOUIL ET DE KALE, CROÛTONS AU PARMESAN",null,0,"Croûtons1.Dans une poêle à feu moyen-élevé, dorer le pain dans l’huile. Ajouter l’ail et poursuivre la cuisson 1 minute. Saler et poivrer. Retirer du feu. Ajouter le parmesan et les feuilles de fenouil. Réserver.Béchamel au fromage fontina2.Dans une petite casserole, fondre le beurre. Ajouter la farine et cuire 1 minute en remuant. Ajouter le lait et porter à ébullition en remuant à l’aide d’un fouet. Laisser mijoter environ 2 minutes. Retirer du feu et incorporer le fromage, la muscade et le poivre de Cayenne. Couvrir et réserver.Gratin3.Dans une grande poêle à feu moyen-élevé, dorer le fenouil et l’oignon dans le beurre 20 minutes. Ajouter l’ail et le bouillon. Poursuivre la cuisson environ 15 minutes ou jusqu’à ce que le fenouil soit tendre et légèrement caramélisé et le bouillon presque complètement évaporé. Rectifier l’assaisonnement.4.Placer la grille au centre du four. Préchauffer le four à 225 °C (450 °F).5.Dans un plat de cuisson, répartir la moitié du mélange de fenouil puis la moitié du kale. Napper de la moitié de la sauce béchamel. Répéter avec le reste du fenouil, du kale puis de la sauce. Parsemer des croûtons.6.Cuire au four 15 minutes. Terminer la cuisson à gril (broil) ou jusqu’à ce que les croûtons soient bien dorés.",45,105
27,ROULEAUX CROUSTILLANTS AU TOFU,null,0,"Pâte à won-ton frite1.Sur un plan de travail, émincer les carrés de pâte en lanières de 1 cm (1/2 po) de largeur.2.Dans une grande poêle antiadhésive à feu élevé, chauffer l’huile. Frire les lanières de pâte environ 3 minutes en les remuant à mi-cuisson ou jusqu’à ce qu’elles soient bien dorées. Attention aux éclaboussures. Éponger sur du papier absorbant. Saler. Réserver. Conserver l’huile pour la cuisson du tofu.Tofu3.Sur un plan de travail, couper le tofu en 24 bâtonnets d’environ 7 x 1 cm (3 x 1/2 po). Bien éponger sur du papier absorbant.4.Dans un grand bol, mélanger la fécule, le sucre à glacer, la poudre à pâte et le sel. Ajouter les bâtonnets de tofu et bien les enrober du mélange. Les secouer pour en retirer l’excédent. Réserver sur une grande assiette.5.Dans la même poêle antiadhésive à feu moyen-élevé, chauffer l’huile (s’assurer d’avoir au moins 1 cm/1/2 po d’huile dans le fond de la poêle pendant toute la cuisson du tofu). Cuire la moitié du tofu à la fois environ 6 minutes en le retournant à mi-cuisson ou jusqu’à ce qu’il soit légèrement doré. Retirer le tofu de la poêle à l’aide d’une écumoire et réserver sur une grande assiette tapissée de papier absorbant.Montage6.Dans une assiette creuse remplie d’eau chaude, tremper une feuille de riz à la fois pendant quelques secondes ou jusqu’à ce qu’elle s’assouplisse. Retirer de l’eau. Égoutter et déposer sur un plan de travail.7.Déposer une feuille de laitue à l’extrémité du bas de la feuille de riz. Sur toute la largeur au centre de la feuille de riz, déposer 3 feuilles de menthe, 2 bâtonnets de tofu et 3 lanières de pâte à won-ton. Ajouter les juliennes de concombre, de carotte et de chou-rave mariné. Rouler fermement la feuille de riz pour bien emprisonner la garniture. Couvrir les rouleaux d’un linge humide et continuer avec le reste des ingrédients. Ne pas les empiler. Les rouleaux ne se conservent que quelques heures au froid.8.Au moment de servir, couper les rouleaux en deux et accompagner de la sauce aux arachides.",40,55
28,CHILI AU TOFU ET SALADE D'AVOCAT,null,0,"Chili1.Dans une grande poêle antiadhésive à feu moyen-élevé, attendrir l’oignon, l’ail et les champignons dans l’huile. Ajouter les poivrons et poursuivre la cuisson environ 5 minutes. Ajouter le reste des ingrédients. Bien mélanger. Porter à ébullition et laisser mijoter environ 10 minutes ou jusqu’à ce que le chili épaississe. Saler et poivrer.Salade2.Dans un bol, mélanger l’avocat, le poivron, le basilic et le jus de lime. Saler et poivrer.3.Répartir le chili dans des bols. Garnir de salade d’avocat et de fromage.",30,60
29,CARI DE LENTILLES ET DE COURGE,null,0,"1.Dans la mijoteuse, mélanger tous les ingrédients. Saler et poivrer. Couvrir et cuire à basse température (Low) 6 heures. On peut maintenir à réchaud (Warm) jusqu’à 8 heures.2.Servir avec du pain naan.",15,375
30,SOUPE-RAGOÛT AUX PÂTES ET AUX POIS CHICHES,null,0,"1.Dans un bol, réserver 250 ml (1 tasse) de pois chiches.2.Dans une casserole, dorer l’oignon et l’ail dans l’huile. Ajouter le reste des pois chiches, la pomme de terre, le laurier, le piment, le bouillon et la pâte de tomates. Saler et poivrer. Porter à ébullition. Couvrir et laisser mijoter à feu moyen environ 15 minutes ou jusqu’à ce que la pomme de terre soit tendre.3.Retirer la feuille de laurier. Au mélangeur, réduire la préparation en purée lisse. Passer au tamis et transvider dans la casserole.4.Ajouter les pâtes et cuire, à feu moyen, jusqu’à ce qu’elles soient al dente en remuant régulièrement pour éviter qu’elles collent au fond de la casserole. Ajouter un peu de bouillon ou d’eau au besoin. La soupe devrait avoir une texture épaisse, proche de celle d’une purée ou d’un ragoût. Ajouter les pois chiches réservés. Rectifier l’assaisonnement.5.Répartir dans des bols. Parsemer de fromage et d’herbes fraîches. Arroser d’un filet d’huile d’olive et poivrer, si désiré.",20,45
31,PLATEAU DE LÉGUMES ET AÏOLI,null,0,"Aïoli1.Dans un bol, mélanger le jaune d’oeuf, le jus de citron, la moutarde, le sel et l’ail à l’aide d’un fouet. Ajouter environ le premier tiers de l’huile lentement, goutte à goutte, en fouettant continuellement. Lorsque la mayonnaise commence à prendre, ajouter le reste de l’huile en filet et continuer à fouetter. Poivrer. Verser la mayonnaise dans un petit bol de service et réfrigérer le temps de préparer les légumes.Légumes et oeufs2.Dans une grande casserole, déposer les pommes de terre. Couvrir d’eau. Saler. Porter à ébullition et laisser mijoter 10 minutes. Ajouter les carottes et poursuivre la cuisson environ 8 minutes. Ajouter les haricots et poursuivre la cuisson 2 minutes ou jusqu’à ce que les légumes soient cuits. Égoutter et refroidir rapidement sous l’eau froide.3.Sur une grande assiette de service, placer le bol d’aïoli. Répartir les légumes cuits, les oeufs coupés en deux et une variété de légumes crus tout autour. Servir.",25,50
32,LASAGNE CRÉMEUSE AUX LÉGUMES RÔTIS,null,0,"Sauce tomate1.Dans une casserole, à feu moyen, dorer l’oignon et l’ail dans l’huile. Ajouter les tomates. Laisser mijoter 30 minutes. Ajouter le basilic. Saler et poivrer. Réserver.Légumes rôtis2.Placer deux grilles au centre du four. Préchauffer le four à 220 °C (425 °F). Tapisser deux plaques de cuisson de papier parchemin.3.Sur une plaque, mélanger l’aubergine avec 45 ml (3 c. à soupe) d’huile. Saler et poivrer. Sur l’autre plaque, mélanger les poivrons et les courgettes avec le reste de l’huile (15 ml/1 c. à soupe). Saler et poivrer. Répartir les légumes bien à plat en une seule couche. Cuire au four les deux plaques en même temps de 15 à 20 minutes ou jusqu’à ce que les légumes soient bien rôtis. Réserver.Béchamel au parmesan4.Dans une casserole, à feu moyen, fondre le beurre. Ajouter la farine et cuire 1 minute en remuant à l’aide d’un fouet. Ajouter le lait en fouettant. Porter à ébullition. Laisser mijoter doucement 5 minutes en remuant fréquemment pour éviter que la sauce colle au fond. Ajouter le parmesan et la muscade. Saler et poivrer. Réserver.Lasagne5.Placer la grille au centre du four. Régler le four à 190 °C (375 °F).6.Dans une grande poêle antiadhésive, à feu moyen-élevé, fondre le beurre. Ajouter les épinards et cuire 1 minute ou jusqu’à ce qu’ils soient tout juste tombés.7.Dans un plat de cuisson de 33 x 23 cm (13 x 9 po), étaler 250 ml (1 tasse) de sauce tomate et couvrir d’un rang de pâtes. Répartir les aubergines et les épinards. Ajouter 250 ml (1 tasse) de sauce tomate et la moitié de la béchamel. Parsemer de 75 g (3/4 tasse) de fromage mozzarella et couvrir d’un rang de pâtes. Couvrir avec 250 ml (1 tasse) de sauce tomate, les courgettes et les poivrons rôtis et le reste de la béchamel. Terminer avec un dernier rang de pâtes, le reste de la sauce tomate et du fromage. Couvrir complètement la surface avec les tranches crues de courgettes en les tressant si désiré. Parsemer avec le parmesan.8.Cuire au four 45 minutes, puis dorer quelques minutes sous le gril (broil) du four. Laisser reposer 15 minutes avant de servir.",60,120
33,"GALETTES DE SARRASIN, PESTO DE PERSIL ET SALADE DE CHOU-FLEUR RÔTI",null,0,"Salade de chou-fleur1.Placer la grille au centre du four. Préchauffer le four à 200 °C (400 °F). Tapisser une plaque de cuisson de papier parchemin.2.Sur la plaque, répartir le chou-fleur. Huiler, saler et poivrer. Cuire au four environ 20 minutes ou jusqu’à ce qu’il soit bien doré. Laisser refroidir.3.Dans un bol, mélanger le chou-fleur, les pacanes, le fromage et le persil. Réserver.Oeufs mollets4.Dans une casserole d’eau frémissante, déposer très délicatement les oeufs à l’aide d’une cuillère. Cuire 6 minutes. Égoutter les oeufs en conservant l’eau de cuisson (voir note). Rincer sous l’eau froide environ 1 minute. Retirer la coquille délicatement. Réserver.Galettes de sarrasin5.Dans un bol, mélanger tous les ingrédients sauf le pesto.6.Dans une grande poêle antiadhésive légèrement beurré, à feu moyen, cuire 4 galettes à la fois dans le beurre en calculant 30 ml (2 c. à soupe) de pâte pour chaque galette. Retourner les galettes lorsque des bulles commencent à se former à la surface. Réserver au chaud.7.Placer 2 galettes par assiette. Tartiner les galettes de pesto et couvrir de salade de chou-fleur. Déposer un oeuf coupé en deux par assiette.",30,60